Date,pm2.5
2010/1/1,148
2010/1/2,107
2010/1/3,29
2010/1/4,27
2010/1/5,28
2010/1/6,42
2010/1/7,198
2010/1/8,40
2010/1/9,75
2010/1/10,27
2010/1/11,24
2010/1/12,26
2010/1/13,79
2010/1/14,26
2010/1/15,148
2010/1/16,170
2010/1/17,146
2010/1/18,301
2010/1/19,27
2010/1/20,25
2010/1/21,26
2010/1/22,15
2010/1/23,88
2010/1/24,143
2010/1/25,16
2010/1/26,12
2010/1/27,32
2010/1/28,11
2010/1/29,72
2010/1/30,27
2010/1/31,34
2010/2/1,31
2010/2/2,100
2010/2/3,93
2010/2/4,100
2010/2/5,169
2010/2/6,58
2010/2/7,14
2010/2/8,12
2010/2/9,19
2010/2/10,46
2010/2/11,15
2010/2/12,8
2010/2/13,24
2010/2/14,18
2010/2/15,34
2010/2/16,96
2010/2/17,184
2010/2/18,35
2010/2/19,60
2010/2/20,148
2010/2/21,311
2010/2/22,237
2010/2/23,81
2010/2/24,77
2010/2/25,20
2010/2/26,51
2010/2/27,63
2010/2/28,165
2010/3/1,220
2010/3/2,11
2010/3/3,39
2010/3/4,83
2010/3/5,26
2010/3/6,19
2010/3/7,48
2010/3/8,193
2010/3/9,14
2010/3/10,78
2010/3/11,68
2010/3/12,21
2010/3/13,53
2010/3/14,22
2010/3/15,179
2010/3/16,245
2010/3/17,156
2010/3/18,52
2010/3/19,204
2010/3/20,59
2010/3/21,36
2010/3/22,12
2010/3/23,50
2010/3/24,62
2010/3/25,96
2010/3/26,220
2010/3/27,17
2010/3/28,82
2010/3/29,92
2010/3/30,176
2010/3/31,15
2010/4/1,140
2010/4/2,127
2010/4/3,121
2010/4/4,19
2010/4/5,75
2010/4/6,88
2010/4/7,14
2010/4/8,57
2010/4/9,203
2010/4/10,286
2010/4/11,162
2010/4/12,207
2010/4/13,22
2010/4/14,83
2010/4/15,49
2010/4/16,42
2010/4/17,19
2010/4/18,114
2010/4/19,133
2010/4/20,18
2010/4/21,50
2010/4/22,14
2010/4/23,15
2010/4/24,19
2010/4/25,79
2010/4/26,59
2010/4/27,149
2010/4/28,135
2010/4/29,260
2010/4/30,20
2010/5/1,219
2010/5/2,163
2010/5/3,20
2010/5/4,63
2010/5/5,16
2010/5/6,44
2010/5/7,60
2010/5/8,147
2010/5/9,181
2010/5/10,137
2010/5/11,75
2010/5/12,53
2010/5/13,36
2010/5/14,51
2010/5/15,120
2010/5/16,174
2010/5/17,115
2010/5/18,24
2010/5/19,39
2010/5/20,80
2010/5/21,84
2010/5/22,127
2010/5/23,92
2010/5/24,41
2010/5/25,85
2010/5/26,110
2010/5/27,122
2010/5/28,151
2010/5/29,34
2010/5/30,85
2010/5/31,100
2010/6/1,147
2010/6/2,65
2010/6/3,148
2010/6/4,109
2010/6/5,19
2010/6/6,96
2010/6/7,74
2010/6/8,15
2010/6/9,85
2010/6/10,48
2010/6/11,96
2010/6/12,166
2010/6/13,160
2010/6/14,131
2010/6/15,152
2010/6/16,172
2010/6/17,156
2010/6/18,121
2010/6/19,23
2010/6/20,100
2010/6/21,77
2010/6/22,13
2010/6/23,2
2010/6/24,59
2010/6/25,31
2010/6/26,90
2010/6/27,100
2010/6/28,154
2010/6/29,100
2010/6/30,84
2010/7/1,161
2010/7/2,167
2010/7/3,283
2010/7/4,186
2010/7/5,149
2010/7/6,270
2010/7/7,34
2010/7/8,60
2010/7/9,206
2010/7/10,201
2010/7/11,88
2010/7/12,137
2010/7/13,249
2010/7/14,176
2010/7/15,181
2010/7/16,215
2010/7/17,219
2010/7/18,46
2010/7/19,47
2010/7/20,100
2010/7/21,163
2010/7/22,137
2010/7/23,13
2010/7/24,10
2010/7/25,106
2010/7/26,75
2010/7/27,207
2010/7/28,40
2010/7/29,181
2010/7/30,113
2010/7/31,167
2010/8/1,173
2010/8/2,246
2010/8/3,78
2010/8/4,63
2010/8/5,51
2010/8/6,11
2010/8/7,70
2010/8/8,202
2010/8/9,77
2010/8/10,42
2010/8/11,35
2010/8/12,24
2010/8/13,98
2010/8/14,54
2010/8/15,102
2010/8/16,52
2010/8/17,39
2010/8/18,52
2010/8/19,81
2010/8/20,125
2010/8/21,117
2010/8/22,56
2010/8/23,67
2010/8/24,216
2010/8/25,62
2010/8/26,71
2010/8/27,141
2010/8/28,177
2010/8/29,313
2010/8/30,225
2010/8/31,21
2010/9/1,33
2010/9/2,138
2010/9/3,124
2010/9/4,225
2010/9/5,11
2010/9/6,11
2010/9/7,17
2010/9/8,39
2010/9/9,243
2010/9/10,369
2010/9/11,369
2010/9/12,323
2010/9/13,428
2010/9/14,4
2010/9/15,22
2010/9/16,67
2010/9/17,16
2010/9/18,23
2010/9/19,123
2010/9/20,40
2010/9/21,71
2010/9/22,79
2010/9/23,74
2010/9/24,154
2010/9/25,165
2010/9/26,225
2010/9/27,12
2010/9/28,11
2010/9/29,10
2010/9/30,71
2010/10/1,45
2010/10/2,40
2010/10/3,38
2010/10/4,57
2010/10/5,30
2010/10/6,51
2010/10/7,272
2010/10/8,17
2010/10/9,10
2010/10/10,75
2010/10/11,97
2010/10/12,10
2010/10/13,92
2010/10/14,11
2010/10/15,25
2010/10/16,45
2010/10/17,90
2010/10/18,247
2010/10/19,299
2010/10/20,540
2010/10/21,219
2010/10/22,16
2010/10/23,238
2010/10/24,18
2010/10/25,49
2010/10/26,124
2010/10/27,8
2010/10/28,136
2010/10/29,136
2010/10/30,256
2010/10/31,264
2010/11/1,26
2010/11/2,72
2010/11/3,120
2010/11/4,18
2010/11/5,15
2010/11/6,23
2010/11/7,27
2010/11/8,209
2010/11/9,35
2010/11/10,41
2010/11/11,95
2010/11/12,17
2010/11/13,22
2010/11/14,22
2010/11/15,63
2010/11/16,71
2010/11/17,206
2010/11/18,40
2010/11/19,175
2010/11/20,441
2010/11/21,23
2010/11/22,24
2010/11/23,25
2010/11/24,22
2010/11/25,30
2010/11/26,119
2010/11/27,19
2010/11/28,69
2010/11/29,13
2010/11/30,18
2010/12/1,31
2010/12/2,93
2010/12/3,96
2010/12/4,18
2010/12/5,18
2010/12/6,43
2010/12/7,20
2010/12/8,21
2010/12/9,71
2010/12/10,111
2010/12/11,20
2010/12/12,12
2010/12/13,31
2010/12/14,18
2010/12/15,31
2010/12/16,21
2010/12/17,44
2010/12/18,29
2010/12/19,50
2010/12/20,13
2010/12/21,36
2010/12/22,23
2010/12/23,54
2010/12/24,11
2010/12/25,18
2010/12/26,19
2010/12/27,16
2010/12/28,23
2010/12/29,29
2010/12/30,65
2010/12/31,36
2011/1/1,40
2011/1/2,105
2011/1/3,25
2011/1/4,151
2011/1/5,52
2011/1/6,225
2011/1/7,81
2011/1/8,41
2011/1/9,23
2011/1/10,87
2011/1/11,26
2011/1/12,233
2011/1/13,281
2011/1/14,104
2011/1/15,50
2011/1/16,113
2011/1/17,379
2011/1/18,464
2011/1/19,343
2011/1/20,403
2011/1/21,17
2011/1/22,74
2011/1/23,71
2011/1/24,26
2011/1/25,13
2011/1/26,16
2011/1/27,18
2011/1/28,19
2011/1/29,57
2011/1/30,106
2011/1/31,16
2011/2/1,19
2011/2/2,17
2011/2/3,15
2011/2/4,36
2011/2/5,92
2011/2/6,241
2011/2/7,42
2011/2/8,25
2011/2/9,21
2011/2/10,26
2011/2/11,132
2011/2/12,12
2011/2/13,16
2011/2/14,12
2011/2/15,22
2011/2/16,60
2011/2/17,29
2011/2/18,44
2011/2/19,101
2011/2/20,152
2011/2/21,20
2011/2/22,158
2011/2/23,105
2011/2/24,149
2011/2/25,218
2011/2/26,103
2011/2/27,12
2011/2/28,13
2011/3/1,99
2011/3/2,141
2011/3/3,27
2011/3/4,249
2011/3/5,12
2011/3/6,73
2011/3/7,153
2011/3/8,13
2011/3/9,167
2011/3/10,41
2011/3/11,19
2011/3/12,99
2011/3/13,172
2011/3/14,97
2011/3/15,49
2011/3/16,12
2011/3/17,13
2011/3/18,39
2011/3/19,188
2011/3/20,34
2011/3/21,14
2011/3/22,59
2011/3/23,33
2011/3/24,21
2011/3/25,184
2011/3/26,22
2011/3/27,27
2011/3/28,26
2011/3/29,21
2011/3/30,75
2011/3/31,149
2011/4/1,217
2011/4/2,9
2011/4/3,11
2011/4/4,91
2011/4/5,76
2011/4/6,187
2011/4/7,102
2011/4/8,73
2011/4/9,113
2011/4/10,116
2011/4/11,85
2011/4/12,9
2011/4/13,20
2011/4/14,83
2011/4/15,9
2011/4/16,109
2011/4/17,85
2011/4/18,160
2011/4/19,14
2011/4/20,126
2011/4/21,132
2011/4/22,81
2011/4/23,11
2011/4/24,98
2011/4/25,205
2011/4/26,175
2011/4/27,95
2011/4/28,88
2011/4/29,132
2011/4/30,201
2011/5/1,173
2011/5/2,164
2011/5/3,251
2011/5/4,185
2011/5/5,18
2011/5/6,30
2011/5/7,16
2011/5/8,26
2011/5/9,162
2011/5/10,232
2011/5/11,48
2011/5/12,61
2011/5/13,144
2011/5/14,30
2011/5/15,36
2011/5/16,144
2011/5/17,164
2011/5/18,16
2011/5/19,18
2011/5/20,12
2011/5/21,90
2011/5/22,218
2011/5/23,108
2011/5/24,95
2011/5/25,135
2011/5/26,70
2011/5/27,69
2011/5/28,166
2011/5/29,101
2011/5/30,66
2011/5/31,24
2011/6/1,95
2011/6/2,161
2011/6/3,302
2011/6/4,375
2011/6/5,48
2011/6/6,23
2011/6/7,88
2011/6/8,201
2011/6/9,42
2011/6/10,18
2011/6/11,38
2011/6/12,59
2011/6/13,106
2011/6/14,134
2011/6/15,91
2011/6/16,230
2011/6/17,87
2011/6/18,132
2011/6/19,135
2011/6/20,108
2011/6/21,118
2011/6/22,7
2011/6/23,88
2011/6/24,9
2011/6/25,81
2011/6/26,85
2011/6/27,91
2011/6/28,110
2011/6/29,134
2011/6/30,80
2011/7/1,69
2011/7/2,109
2011/7/3,77
2011/7/4,104
2011/7/5,152
2011/7/6,213
2011/7/7,27
2011/7/8,40
2011/7/9,89
2011/7/10,79
2011/7/11,151
2011/7/12,103
2011/7/13,287
2011/7/14,23
2011/7/15,16
2011/7/16,8
2011/7/17,33
2011/7/18,149
2011/7/19,126
2011/7/20,196
2011/7/21,160
2011/7/22,11
2011/7/23,11
2011/7/24,5
2011/7/25,12
2011/7/26,24
2011/7/27,18
2011/7/28,33
2011/7/29,106
2011/7/30,134
2011/7/31,284
2011/8/1,281
2011/8/2,291
2011/8/3,26
2011/8/4,18
2011/8/5,4
2011/8/6,22
2011/8/7,14
2011/8/8,111
2011/8/9,378
2011/8/10,49
2011/8/11,93
2011/8/12,266
2011/8/13,17
2011/8/14,5
2011/8/15,8
2011/8/16,8
2011/8/17,9
2011/8/18,83
2011/8/19,133
2011/8/20,332
2011/8/21,175
2011/8/22,287
2011/8/23,19
2011/8/24,6
2011/8/25,27
2011/8/26,110
2011/8/27,199
2011/8/28,92
2011/8/29,283
2011/8/30,387
2011/8/31,263
2011/9/1,20
2011/9/2,71
2011/9/3,96
2011/9/4,33
2011/9/5,45
2011/9/6,40
2011/9/7,25
2011/9/8,23
2011/9/9,47
2011/9/10,96
2011/9/11,34
2011/9/12,18
2011/9/13,113
2011/9/14,194
2011/9/15,99
2011/9/16,60
2011/9/17,16
2011/9/18,58
2011/9/19,99
2011/9/20,241
2011/9/21,14
2011/9/22,135
2011/9/23,163
2011/9/24,209
2011/9/25,106
2011/9/26,96
2011/9/27,45
2011/9/28,20
2011/9/29,75
2011/9/30,289
2011/10/1,29
2011/10/2,65
2011/10/3,283
2011/10/4,209
2011/10/5,28
2011/10/6,11
2011/10/7,19
2011/10/8,23
2011/10/9,46
2011/10/10,43
2011/10/11,175
2011/10/12,19
2011/10/13,19
2011/10/14,15
2011/10/15,75
2011/10/16,35
2011/10/17,38
2011/10/18,66
2011/10/19,19
2011/10/20,63
2011/10/21,22
2011/10/22,66
2011/10/23,56
2011/10/24,146
2011/10/25,115
2011/10/26,64
2011/10/27,123
2011/10/28,98
2011/10/29,22
2011/10/30,133
2011/10/31,16
2011/11/1,12
2011/11/2,76
2011/11/3,87
2011/11/4,132
2011/11/5,151
2011/11/6,77
2011/11/7,155
2011/11/8,47
2011/11/9,136
2011/11/10,45
2011/11/11,254
2011/11/12,345
2011/11/13,373
2011/11/14,20
2011/11/15,18
2011/11/16,22
2011/11/17,27
2011/11/18,13
2011/11/19,51
2011/11/20,79
2011/11/21,24
2011/11/22,82
2011/11/23,18
2011/11/24,133
2011/11/25,14
2011/11/26,14
2011/11/27,14
2011/11/28,60
2011/11/29,20
2011/11/30,100
2011/12/1,12
2011/12/2,13
2011/12/3,21
2011/12/4,52
2011/12/5,23
2011/12/6,73
2011/12/7,97
2011/12/8,163
2011/12/9,15
2011/12/10,113
2011/12/11,17
2011/12/12,19
2011/12/13,27
2011/12/14,73
2011/12/15,139
2011/12/16,123
2011/12/17,206
2011/12/18,18
2011/12/19,126
2011/12/20,14
2011/12/21,24
2011/12/22,228
2011/12/23,281
2011/12/24,326
2011/12/25,121
2011/12/26,91
2011/12/27,149
2011/12/28,176
2011/12/29,13
2011/12/30,19
2011/12/31,18
2012/1/1,140
2012/1/2,21
2012/1/3,13
2012/1/4,28
2012/1/5,170
2012/1/6,19
2012/1/7,85
2012/1/8,328
2012/1/9,173
2012/1/10,21
2012/1/11,150
2012/1/12,107
2012/1/13,308
2012/1/14,94
2012/1/15,18
2012/1/16,20
2012/1/17,21
2012/1/18,133
2012/1/19,49
2012/1/20,58
2012/1/21,64
2012/1/22,22
2012/1/23,21
2012/1/24,79
2012/1/25,52
2012/1/26,34
2012/1/27,21
2012/1/28,31
2012/1/29,37
2012/1/30,63
2012/1/31,20
2012/2/1,171
2012/2/2,62
2012/2/3,14
2012/2/4,16
2012/2/5,58
2012/2/6,51
2012/2/7,35
2012/2/8,21
2012/2/9,128
2012/2/10,160
2012/2/11,102
2012/2/12,194
2012/2/13,181
2012/2/14,167
2012/2/15,281
2012/2/16,34
2012/2/17,15
2012/2/18,88
2012/2/19,55
2012/2/20,83
2012/2/21,200
2012/2/22,179
2012/2/23,280
2012/2/24,118
2012/2/25,57
2012/2/26,145
2012/2/27,98
2012/2/28,110
2012/2/29,87
2012/3/1,100
2012/3/2,146
2012/3/3,166
2012/3/4,123
2012/3/5,56
2012/3/6,194
2012/3/7,52
2012/3/8,27
2012/3/9,18
2012/3/10,79
2012/3/11,106
2012/3/12,164
2012/3/13,137
2012/3/14,12
2012/3/15,49
2012/3/16,75
2012/3/17,162
2012/3/18,143
2012/3/19,99
2012/3/20,6
2012/3/21,68
2012/3/22,55
2012/3/23,143
2012/3/24,238
2012/3/25,141
2012/3/26,6
2012/3/27,189
2012/3/28,53
2012/3/29,98
2012/3/30,177
2012/3/31,6
2012/4/1,8
2012/4/2,3
2012/4/3,80
2012/4/4,7
2012/4/5,12
2012/4/6,11
2012/4/7,111
2012/4/8,155
2012/4/9,83
2012/4/10,153
2012/4/11,110
2012/4/12,142
2012/4/13,143
2012/4/14,91
2012/4/15,115
2012/4/16,44
2012/4/17,84
2012/4/18,61
2012/4/19,36
2012/4/20,137
2012/4/21,13
2012/4/22,18
2012/4/23,83
2012/4/24,97
2012/4/25,133
2012/4/26,178
2012/4/27,145
2012/4/28,103
2012/4/29,36
2012/4/30,87
2012/5/1,35
2012/5/2,7
2012/5/3,16
2012/5/4,32
2012/5/5,85
2012/5/6,79
2012/5/7,96
2012/5/8,130
2012/5/9,226
2012/5/10,293
2012/5/11,8
2012/5/12,30
2012/5/13,71
2012/5/14,121
2012/5/15,46
2012/5/16,91
2012/5/17,111
2012/5/18,14
2012/5/19,16
2012/5/20,14
2012/5/21,81
2012/5/22,18
2012/5/23,28
2012/5/24,61
2012/5/25,63
2012/5/26,75
2012/5/27,46
2012/5/28,89
2012/5/29,138
2012/5/30,13
2012/5/31,47
2012/6/1,45
2012/6/2,60
2012/6/3,146
2012/6/4,6
2012/6/5,110
2012/6/6,65
2012/6/7,149
2012/6/8,160
2012/6/9,46
2012/6/10,80
2012/6/11,29
2012/6/12,232
2012/6/13,159
2012/6/14,173
2012/6/15,10
2012/6/16,10
2012/6/17,7
2012/6/18,31
2012/6/19,90
2012/6/20,81
2012/6/21,34
2012/6/22,133
2012/6/23,161
2012/6/24,132
2012/6/25,5
2012/6/26,10
2012/6/27,12
2012/6/28,26
2012/6/29,66
2012/6/30,23
2012/7/1,31
2012/7/2,22
2012/7/3,130
2012/7/4,238
2012/7/5,121
2012/7/6,91
2012/7/7,79
2012/7/8,88
2012/7/9,27
2012/7/10,4
2012/7/11,5
2012/7/12,11
2012/7/13,25
2012/7/14,145
2012/7/15,10
2012/7/16,8
2012/7/17,18
2012/7/18,36
2012/7/19,110
2012/7/20,220
2012/7/21,9
2012/7/22,10
2012/7/23,185
2012/7/24,137
2012/7/25,11
2012/7/26,13
2012/7/27,88
2012/7/28,16
2012/7/29,39
2012/7/30,189
2012/7/31,220
2012/8/1,57
2012/8/2,14
2012/8/3,56
2012/8/4,78
2012/8/5,164
2012/8/6,288
2012/8/7,232
2012/8/8,11
2012/8/9,67
2012/8/10,15
2012/8/11,10
2012/8/12,77
2012/8/13,147
2012/8/14,208
2012/8/15,27
2012/8/16,28
2012/8/17,80
2012/8/18,48
2012/8/19,42
2012/8/20,91
2012/8/21,72
2012/8/22,13
2012/8/23,26
2012/8/24,14
2012/8/25,27
2012/8/26,183
2012/8/27,263
2012/8/28,58
2012/8/29,170
2012/8/30,24
2012/8/31,164
2012/9/1,33
2012/9/2,30
2012/9/3,72
2012/9/4,33
2012/9/5,20
2012/9/6,234
2012/9/7,10
2012/9/8,38
2012/9/9,14
2012/9/10,118
2012/9/11,294
2012/9/12,20
2012/9/13,95
2012/9/14,9
2012/9/15,44
2012/9/16,46
2012/9/17,16
2012/9/18,18
2012/9/19,62
2012/9/20,107
2012/9/21,139
2012/9/22,185
2012/9/23,231
2012/9/24,276
2012/9/25,69
2012/9/26,18
2012/9/27,25
2012/9/28,168
2012/9/29,208
2012/9/30,27
2012/10/1,36
2012/10/2,16
2012/10/3,16
2012/10/4,73
2012/10/5,10
2012/10/6,13
2012/10/7,26
2012/10/8,59
2012/10/9,39
2012/10/10,65
2012/10/11,89
2012/10/12,20
2012/10/13,59
2012/10/14,84
2012/10/15,361
2012/10/16,472
2012/10/17,295
2012/10/18,335
2012/10/19,90
2012/10/20,194
2012/10/21,38
2012/10/22,122
2012/10/23,227
2012/10/24,100
2012/10/25,156
2012/10/26,46
2012/10/27,396
2012/10/28,12
2012/10/29,53
2012/10/30,122
2012/10/31,306
2012/11/1,367
2012/11/2,484
2012/11/3,297
2012/11/4,177
2012/11/5,24
2012/11/6,52
2012/11/7,194
2012/11/8,21
2012/11/9,82
2012/11/10,9
2012/11/11,15
2012/11/12,26
2012/11/13,172
2012/11/14,16
2012/11/15,59
2012/11/16,94
2012/11/17,344
2012/11/18,9
2012/11/19,27
2012/11/20,135
2012/11/21,74
2012/11/22,19
2012/11/23,18
2012/11/24,117
2012/11/25,200
2012/11/26,14
2012/11/27,76
2012/11/28,347
2012/11/29,118
2012/11/30,190
2012/12/1,63
2012/12/2,111
2012/12/3,11
2012/12/4,33
2012/12/5,115
2012/12/6,14
2012/12/7,192
2012/12/8,204
2012/12/9,363
2012/12/10,95
2012/12/11,42
2012/12/12,32
2012/12/13,156
2012/12/14,167
2012/12/15,13
2012/12/16,247
2012/12/17,212
2012/12/18,337
2012/12/19,6
2012/12/20,69
2012/12/21,56
2012/12/22,164
2012/12/23,63
2012/12/24,91
2012/12/25,11
2012/12/26,240
2012/12/27,156
2012/12/28,15
2012/12/29,78
2012/12/30,90
2012/12/31,230
2013/1/1,29
2013/1/2,169
2013/1/3,156
2013/1/4,89
2013/1/5,88
2013/1/6,10
2013/1/7,77
2013/1/8,14
2013/1/9,13
2013/1/10,10
2013/1/11,13
2013/1/12,50
2013/1/13,117
2013/1/14,59
2013/1/15,78
2013/1/16,70
2013/1/17,41
2013/1/18,6
2013/1/19,28
2013/1/20,78
2013/1/21,164
2013/1/22,201
2013/1/23,229
2013/1/24,77
2013/1/25,10
2013/1/26,80
2013/1/27,50
2013/1/28,89
2013/1/29,44
2013/1/30,70
2013/1/31,24
2013/2/1,78
2013/2/2,61
2013/2/3,83
2013/2/4,156
2013/2/5,265
2013/2/6,194
2013/2/7,116
2013/2/8,25
2013/2/9,16
2013/2/10,26
2013/2/11,10
2013/2/12,65
2013/2/13,93
2013/2/14,75
2013/2/15,63
2013/2/16,124
2013/2/17,104
2013/2/18,101
2013/2/19,27
2013/2/20,105
2013/2/21,86
2013/2/22,71
2013/2/23,39
2013/2/24,65
2013/2/25,117
2013/2/26,72
2013/2/27,59
2013/2/28,15
2013/3/1,66
2013/3/2,105
2013/3/3,26
2013/3/4,231
2013/3/5,89
2013/3/6,125
2013/3/7,161
2013/3/8,141
2013/3/9,136
2013/3/10,220
2013/3/11,14
2013/3/12,29
2013/3/13,81
2013/3/14,65
2013/3/15,125
2013/3/16,143
2013/3/17,129
2013/3/18,196
2013/3/19,18
2013/3/20,28
2013/3/21,21
2013/3/22,52
2013/3/23,54
2013/3/24,33
2013/3/25,147
2013/3/26,161
2013/3/27,172
2013/3/28,40
2013/3/29,230
2013/3/30,105
2013/3/31,178
2013/4/1,160
2013/4/2,13
2013/4/3,16
2013/4/4,26
2013/4/5,9
2013/4/6,48
2013/4/7,66
2013/4/8,80
2013/4/9,63
2013/4/10,38
2013/4/11,43
2013/4/12,54
2013/4/13,92
2013/4/14,73
2013/4/15,66
2013/4/16,11
2013/4/17,58
2013/4/18,175
2013/4/19,116
2013/4/20,30
2013/4/21,94
2013/4/22,22
2013/4/23,12
2013/4/24,22
2013/4/25,59
2013/4/26,94
2013/4/27,23
2013/4/28,78
2013/4/29,114
2013/4/30,35
2013/5/1,42
2013/5/2,72
2013/5/3,28
2013/5/4,58
2013/5/5,35
2013/5/6,130
2013/5/7,34
2013/5/8,35
2013/5/9,32
2013/5/10,115
2013/5/11,161
2013/5/12,47
2013/5/13,76
2013/5/14,58
2013/5/15,90
2013/5/16,98
2013/5/17,42
2013/5/18,12
2013/5/19,19
2013/5/20,91
2013/5/21,112
2013/5/22,115
2013/5/23,35
2013/5/24,20
2013/5/25,27
2013/5/26,13
2013/5/27,65
2013/5/28,103
2013/5/29,11
2013/5/30,9
2013/5/31,12
2013/6/1,35
2013/6/2,43
2013/6/3,80
2013/6/4,77
2013/6/5,14
2013/6/6,69
2013/6/7,39
2013/6/8,93
2013/6/9,92
2013/6/10,9
2013/6/11,91
2013/6/12,140
2013/6/13,88
2013/6/14,58
2013/6/15,22
2013/6/16,54
2013/6/17,91
2013/6/18,148
2013/6/19,129
2013/6/20,7
2013/6/21,54
2013/6/22,77
2013/6/23,10
2013/6/24,11
2013/6/25,11
2013/6/26,48
2013/6/27,161
2013/6/28,265
2013/6/29,207
2013/6/30,125
2013/7/1,27
2013/7/2,6
2013/7/3,96
2013/7/4,139
2013/7/5,296
2013/7/6,152
2013/7/7,41
2013/7/8,65
2013/7/9,108
2013/7/10,16
2013/7/11,28
2013/7/12,52
2013/7/13,57
2013/7/14,13
2013/7/15,9
2013/7/16,43
2013/7/17,207
2013/7/18,218
2013/7/19,12
2013/7/20,17
2013/7/21,128
2013/7/22,166
2013/7/23,18
2013/7/24,17
2013/7/25,26
2013/7/26,44
2013/7/27,222
2013/7/28,284
2013/7/29,7
2013/7/30,51
2013/7/31,127
2013/8/1,189
2013/8/2,356
2013/8/3,14
2013/8/4,32
2013/8/5,188
2013/8/6,149
2013/8/7,24
2013/8/8,128
2013/8/9,118
2013/8/10,5
2013/8/11,14
2013/8/12,18
2013/8/13,189
2013/8/14,24
2013/8/15,76
2013/8/16,11
2013/8/17,8
2013/8/18,7
2013/8/19,20
2013/8/20,32
2013/8/21,63
2013/8/22,63
2013/8/23,145
2013/8/24,58
2013/8/25,16
2013/8/26,13
2013/8/27,13
2013/8/28,9
2013/8/29,37
2013/8/30,15
2013/8/31,43
2013/9/1,87
2013/9/2,48
2013/9/3,73
2013/9/4,9
2013/9/5,159
2013/9/6,277
2013/9/7,266
2013/9/8,9
2013/9/9,24
2013/9/10,35
2013/9/11,12
2013/9/12,57
2013/9/13,26
2013/9/14,44
2013/9/15,117
2013/9/16,19
2013/9/17,19
2013/9/18,31
2013/9/19,17
2013/9/20,42
2013/9/21,112
2013/9/22,47
2013/9/23,235
2013/9/24,295
2013/9/25,18
2013/9/26,23
2013/9/27,11
2013/9/28,59
2013/9/29,25
2013/9/30,34
2013/10/1,23
2013/10/2,95
2013/10/3,25
2013/10/4,173
2013/10/5,54
2013/10/6,150
2013/10/7,102
2013/10/8,22
2013/10/9,17
2013/10/10,69
2013/10/11,81
2013/10/12,10
2013/10/13,106
2013/10/14,168
2013/10/15,55
2013/10/16,457
2013/10/17,115
2013/10/18,56
2013/10/19,185
2013/10/20,9
2013/10/21,23
2013/10/22,117
2013/10/23,240
2013/10/24,178
2013/10/25,15
2013/10/26,35
2013/10/27,136
2013/10/28,57
2013/10/29,132
2013/10/30,16
2013/10/31,70
2013/11/1,152
2013/11/2,15
2013/11/3,6
2013/11/4,11
2013/11/5,116
2013/11/6,136
2013/11/7,94
2013/11/8,20
2013/11/9,14
2013/11/10,18
2013/11/11,90
2013/11/12,36
2013/11/13,214
2013/11/14,218
2013/11/15,279
2013/11/16,259
2013/11/17,88
2013/11/18,82
2013/11/19,38
2013/11/20,221
2013/11/21,267
2013/11/22,323
2013/11/23,270
2013/11/24,347
2013/11/25,397
2013/11/26,551
2013/11/27,8
2013/11/28,106
2013/11/29,14
2013/11/30,174
2013/12/1,260
2013/12/2,8
2013/12/3,27
2013/12/4,13
2013/12/5,26
2013/12/6,205
2013/12/7,145
2013/12/8,96
2013/12/9,272
2013/12/10,11
2013/12/11,15
2013/12/12,12
2013/12/13,109
2013/12/14,73
2013/12/15,36
2013/12/16,52
2013/12/17,79
2013/12/18,17
2013/12/19,20
2013/12/20,37
2013/12/21,128
2013/12/22,270
2013/12/23,226
2013/12/24,331
2013/12/25,444
2013/12/26,100
2013/12/27,23
2013/12/28,21
2013/12/29,254
2013/12/30,121
2013/12/31,84
2014/1/1,14
2014/1/2,41
2014/1/3,8
2014/1/4,39
2014/1/5,110
2014/1/6,206
2014/1/7,62
2014/1/8,71
2014/1/9,40
2014/1/10,114
2014/1/11,175
2014/1/12,280
2014/1/13,93
2014/1/14,51
2014/1/15,106
2014/1/16,170
2014/1/17,44
2014/1/18,23
2014/1/19,23
2014/1/20,56
2014/1/21,174
2014/1/22,121
2014/1/23,169
2014/1/24,42
2014/1/25,20
2014/1/26,68
2014/1/27,133
2014/1/28,135
2014/1/29,144
2014/1/30,50
2014/1/31,121
2014/2/1,46
2014/2/2,31
2014/2/3,103
2014/2/4,84
2014/2/5,61
2014/2/6,69
2014/2/7,62
2014/2/8,22
2014/2/9,23
2014/2/10,86
2014/2/11,14
2014/2/12,69
2014/2/13,56
2014/2/14,95
2014/2/15,132
2014/2/16,161
2014/2/17,81
2014/2/18,182
2014/2/19,85
2014/2/20,95
2014/2/21,51
2014/2/22,19
2014/2/23,13
2014/2/24,15
2014/2/25,41
2014/2/26,100
2014/2/27,125
2014/2/28,29
2014/3/1,20
2014/3/2,25
2014/3/3,48
2014/3/4,43
2014/3/5,88
2014/3/6,3
2014/3/7,48
2014/3/8,32
2014/3/9,80
2014/3/10,16
2014/3/11,18
2014/3/12,25
2014/3/13,30
2014/3/14,89
2014/3/15,191
2014/3/16,49
2014/3/17,11
2014/3/18,181
2014/3/19,19
2014/3/20,62
2014/3/21,40
2014/3/22,16
2014/3/23,47
2014/3/24,85
2014/3/25,87
2014/3/26,11
2014/3/27,14
2014/3/28,60
2014/3/29,93
2014/3/30,102
2014/3/31,56
2014/4/1,256
2014/4/2,152
2014/4/3,96
2014/4/4,180
2014/4/5,132
2014/4/6,26
2014/4/7,14
2014/4/8,15
2014/4/9,12
2014/4/10,6
2014/4/11,10
2014/4/12,21
2014/4/13,50
2014/4/14,159
2014/4/15,129
2014/4/16,125
2014/4/17,66
2014/4/18,55
2014/4/19,12
2014/4/20,13
2014/4/21,89
2014/4/22,31
2014/4/23,112
2014/4/24,133
2014/4/25,110
2014/4/26,92
2014/4/27,148
2014/4/28,180
2014/4/29,123
2014/4/30,101
2014/5/1,82
2014/5/2,5
2014/5/3,31
2014/5/4,8
2014/5/5,48
2014/5/6,72
2014/5/7,72
2014/5/8,37
2014/5/9,6
2014/5/10,19
2014/5/11,38
2014/5/12,28
2014/5/13,26
2014/5/14,48
2014/5/15,37
2014/5/16,59
2014/5/17,78
2014/5/18,81
2014/5/19,138
2014/5/20,42
2014/5/21,116
2014/5/22,4
2014/5/23,7
2014/5/24,13
2014/5/25,38
2014/5/26,66
2014/5/27,49
2014/5/28,196
2014/5/29,58
2014/5/30,144
2014/5/31,39
2014/6/1,8
2014/6/2,31
2014/6/3,109
2014/6/4,138
2014/6/5,176
2014/6/6,3
2014/6/7,31
2014/6/8,74
2014/6/9,93
2014/6/10,68
2014/6/11,50
2014/6/12,11
2014/6/13,4
2014/6/14,22
2014/6/15,44
2014/6/16,67
2014/6/17,118
2014/6/18,115
2014/6/19,67
2014/6/20,127
2014/6/21,36
2014/6/22,14
2014/6/23,148
2014/6/24,123
2014/6/25,10
2014/6/26,98
2014/6/27,17
2014/6/28,22
2014/6/29,91
2014/6/30,64
2014/7/1,84
2014/7/2,78
2014/7/3,8
2014/7/4,18
2014/7/5,104
2014/7/6,272
2014/7/7,343
2014/7/8,328
2014/7/9,246
2014/7/10,3
2014/7/11,9
2014/7/12,31
2014/7/13,13
2014/7/14,17
2014/7/15,87
2014/7/16,155
2014/7/17,292
2014/7/18,268
2014/7/19,38
2014/7/20,104
2014/7/21,145
2014/7/22,253
2014/7/23,331
2014/7/24,9
2014/7/25,35
2014/7/26,90
2014/7/27,105
2014/7/28,163
2014/7/29,144
2014/7/30,12
2014/7/31,6
2014/8/1,11
2014/8/2,118
2014/8/3,8
2014/8/4,7
2014/8/5,60
2014/8/6,74
2014/8/7,33
2014/8/8,38
2014/8/9,14
2014/8/10,5
2014/8/11,16
2014/8/12,21
2014/8/13,128
2014/8/14,22
2014/8/15,14
2014/8/16,52
2014/8/17,346
2014/8/18,314
2014/8/19,93
2014/8/20,31
2014/8/21,111
2014/8/22,19
2014/8/23,157
2014/8/24,241
2014/8/25,13
2014/8/26,77
2014/8/27,301
2014/8/28,23
2014/8/29,14
2014/8/30,52
2014/8/31,11
2014/9/1,9
2014/9/2,13
2014/9/3,16
2014/9/4,54
2014/9/5,40
2014/9/6,339
2014/9/7,63
2014/9/8,14
2014/9/9,17
2014/9/10,58
2014/9/11,53
2014/9/12,10
2014/9/13,9
2014/9/14,152
2014/9/15,132
2014/9/16,17
2014/9/17,21
2014/9/18,80
2014/9/19,95
2014/9/20,12
2014/9/21,16
2014/9/22,131
2014/9/23,194
2014/9/24,69
2014/9/25,56
2014/9/26,49
2014/9/27,17
